,app_type,advertiser_id,appid,click_id,muid,click_time
0,android,9114286,1107998838,wxadclick4rfiy7tofnqy6,002f37465159f0839c9cca860b779abf,1545182309
1,android,9114286,1107998838,wxadclicklql7fv2kjb5cm,004d7ead4d41fcf7adc5d2f1b516453b,1545165362
2,android,9114286,1107998838,wxadclicklvisjosuspyq6,026862b3ddbbf0799578bcf99b5a1121,1545176808
3,android,9114286,1107998838,wxadclickjcvkojghb2mac,02f9b62f1f6d740474cf38816c2de25e,1545182418
4,android,9114286,1107998838,wxadclickvclycqvfsbjgk,03057031e0926134809eb2e29005767e,1545184811
5,android,9114286,1107998838,wxadclickjf45clh5mecdw,036c661bbdf4d09185b44fbcded09cc3,1545184294
6,android,9114286,1107998838,wxadclickksz7pl4c6hewe,060e711ea54eb5794a4562ba14571854,1545185592
7,android,9114286,1107998838,wxadclickhubjttrfkwi4q,0661e0ad799a4d87f7fbd1d4b1be9db5,1545152735
8,android,9114286,1107998838,wxadclickuhoq7yq3ozyvk,06aac73eaf502a79c5d331a6509a78c8,1545152131
9,android,9114286,1107998838,wxadclickioutugy4yjhie,07cf3c52db263c3817ae28886f14696a,1545184345
10,android,9114286,1107998838,wxadclickyc3ziyg2ijumq,0db82e2919a1d9289ee902a7b5ccf330,1545177276
11,android,9114286,1107998838,wxadclickqhl2h7di3s2as,0e04b9621fd1d04d113b849a8dc7b2a3,1545160537
12,android,9114286,1107998838,wxadclickoha4yswzcvqp6,10f55e4c3cd7f162f041b9e94bbe5890,1545172074
13,android,9114286,1107998838,wxadclickrkhm6nqbniv7u,14b92d5b9df37cde861ab202bc64faec,1545153957
14,android,9114286,1107998838,wxadclickr7xllbumm5lri,162c3cf21d80c66b29d9dea19855e5f7,1545174762
15,android,9114286,1107998838,wxadclick4iwd3xfinboc4,1d3efb9bb80d8ffd9abd1a7d0826dddb,1545150780
16,android,9114286,1107998838,wxadclickr6aaqjqaa5bpk,2262b0f8135b8771095db9d1e5de8322,1545171805
17,android,9114286,1107998838,wxadclicktbghe7debdu62,23057a34d18929364139152545e09a01,1545154793
18,android,9114286,1107998838,wxadclick2fbzsid74pur6,24f86e6bfdac6430e9848e52bf135c26,1545175372
19,android,9114286,1107998838,wxadclickcxz7vuq55qq7a,25a05d7ac3682ad8a1d5c5e4f0d16559,1545157963
20,android,9114286,1107998838,wxadclicklpu7eyz7qkt7i,263459f7b2aeaf595c2f2c37a270f9b1,1545177121
21,android,9114286,1107998838,wxadclickpfrro6hremq6y,28ee4fc6dfac2133610c39075b374121,1545170020
22,android,9114286,1107998838,wxadclickgfe7v3u4nlxvu,290f259767425b4ac845d3944fc754ac,1545185042
23,android,9114286,1107998838,wxadclickojmddtqtn2q5w,2aa19779ab053edcf03098a70473f088,1545152491
24,android,9114286,1107998838,wxadclickxcbd265b3rdv6,2b07484a9ece7b3524ce03ca233f648d,1545184808
25,android,9114286,1107998838,wxadclickmf647oesisotg,2b10dfaa441c911483c7fc5d4d9a5988,1545149098
26,android,9114286,1107998838,wxadclickeccxpndqwbuaa,2bef4cb917185d8e135b6f037102d857,1545162104
27,android,9114286,1107998838,wxadclick7su6ukkusd2lo,2c267e486996d232f79aa340d2efb3dc,1545183024
28,android,9114286,1107998838,wxadclickdbnf62qu3dj3c,2da17c2827dd77263694ec0df7bf45e2,1545148973
29,android,9114286,1107998838,wxadclickr56eay5txlxwe,2dd0675a33d49476229894a319b07856,1545153773
30,android,9114286,1107998838,wxadclickbnlq6bx4u23uc,2df290887669856b99eebf016b9c615e,1545184271
31,android,9114286,1107998838,wxadclickri25pzkckrw36,2efbeb111b0d014e4f6a574b1dfff383,1545151416
32,android,9114286,1107998838,wxadclickerkblnezdqn3k,36f6ef33a987bb6a1948632155682c33,1545156741
33,android,9114286,1107998838,wxadclickkp4e5zxirzgoy,3a8a9d6697b38d353d1ee9023cca87cb,1545153550
34,android,9114286,1107998838,wxadclicki5zvtt57pilng,3b5fa27be50d8e5b994b0f2f42e7f018,1545175582
35,android,9114286,1107998838,wxadclickudb53gxdqmzv2,3d045aedc110ade1902c8f357d2928c7,1545151778
36,android,9114286,1107998838,wxadclickx4o54lqmyrlre,3e3b32757994c46ad9b84ade999c650a,1545184873
37,android,9114286,1107998838,wxadclicksorvhm4l4lxfi,445524d7f3b1f8e4a0625e99e358cff5,1545149537
38,android,9114286,1107998838,wxadclickzlef2fkvpkfyq,44e114c6957b289318688f60e4507254,1545152964
39,android,9114286,1107998838,wxadclickpfgzmwya77nuo,461077ff44887687be72d7153790614f,1545149937
40,android,9114286,1107998838,wxadclickqjbqglc4fyify,467ec6d9a711f5e259643942d0b68898,1545176625
41,android,9114286,1107998838,wxadclickdcdw3xxoslnpw,47eaa600e149c1bc4eecce4464528ce2,1545168748
42,android,9114286,1107998838,wxadclickflxto63baqi4e,481a1123a5e939606d5145768d0d3d3b,1545148866
43,android,9114286,1107998838,wxadclickauuzabqwvqmb6,4c45ed541c4df7e311303940b551468a,1545149512
44,android,9114286,1107998838,wxadclickm7dfzhtqxiev6,4d2d21ccd2993141c9a50d2037a0c803,1545185536
45,android,9114286,1107998838,wxadclickxwhjjilzbnove,4d821d912602465396a62608303f81f9,1545183635
46,android,9114286,1107998838,wxadclickcoxvtv36jb6zs,4dc2563bff581edf17c5976b876061bf,1545153282
47,android,9114286,1107998838,wxadclickstw4qkfcf6yoy,4fe9cdce494d2ef4edbb7de2ec66df1c,1545149581
48,android,9114286,1107998838,wxadclicklsyqkwa3677se,517d2a3548ce5e60e6cfd4d2157b9369,1545184953
49,android,9114286,1107998838,wxadclickapiqxos34n5k2,54540f05b347bb78fb9b543531c361f4,1545184764
50,android,9114286,1107998838,wxadclicksqxfpcvpnahia,55607ad7f327459dfc64254da553fa87,1545149838
51,android,9114286,1107998838,wxadclicksk65zdkmdm7hw,561f267596ef0cce7c9b5d4d8bf7a84a,1545151085
52,android,9114286,1107998838,wxadclickujfbyglfejgug,57c1ea9816c7c973a04de8e1c54e2968,1545180434
53,android,9114286,1107998838,wxadclickgb3fekoflswhi,58a12f6fb1cb7ced9219da8d8fd65d19,1545184958
54,android,9114286,1107998838,wxadclick5t4wu42ieifyy,60058fe1d92f8bfd01b75798d71ffa98,1545150388
55,android,9114286,1107998838,wxadclickol3bsjgshptse,6264cf916ed60a973cdd347734c5e7c6,1545151609
56,android,9114286,1107998838,wxadclickaylpojnj2oqh6,63d9acb8549a0ea4bbf4f4a675363aa9,1545167578
57,android,9114286,1107998838,wxadclickyl4e4nulabc2a,6542870b4bd3885187b8eb5582206098,1545175055
58,android,9114286,1107998838,wxadclickdwyokg4bcvehw,65d1c780be56e9afd5dc62efa3ce3cd7,1545150695
59,android,9114286,1107998838,wxadclickkqzpbsm545a3s,6661c82aecce28465ed563b46d045913,1545150469
60,android,9114286,1107998838,wxadclicky5ntrukjivaps,6930c2be4c3a245f461f7f6acb2fe7f9,1545184284
61,android,9114286,1107998838,wxadclickcjjee6vqxm4tu,69d41b938b4e525fa1f5f009cadfe09e,1545185566
62,android,9114286,1107998838,wxadclicktbmtrkruigwvu,6b9b83b0472bb3ac09df49cb4458361b,1545157690
63,android,9114286,1107998838,wxadclickoukpqdwnrvqvs,6d90f22581dce1acbfad311cfe3a25f3,1545164738
64,android,9114286,1107998838,wxadclick2acexdciwymzs,6e735f5ef80ed4baf8b930fbaae4b744,1545151720
65,android,9114286,1107998838,wxadclickvb4xbaugf5hwy,70a41a2de9acead5d4c010d510a3520f,1545154468
66,android,9114286,1107998838,wxadclickvbgxebgj735ss,7132dbaeb5c1b47887a862fc319124bd,1545149653
67,android,9114286,1107998838,wxadclickalbwazrcyyhh6,76b56f0dfc0cfabe4ac16d20a78cefb7,1545181679
68,android,9114286,1107998838,wxadclickmkl7qnrfw3p3e,7913c744dac97eccb0c79598063ed9b0,1545184012
69,android,9114286,1107998838,wxadclickedkdhact4nzxe,795462f6ac30b11ae86efdf7571a0d61,1545171159
70,android,9114286,1107998838,wxadclickchznvjc6x4bcg,7c5feb2234a42d2dccd3b29ac4f40207,1545174459
71,android,9114286,1107998838,wxadclickkaq2vxvtri2cu,7ce94a50f3d0d36823239540f205a291,1545178114
72,android,9114286,1107998838,wxadclickjntyitpwxnzvu,7ee252fe26b10ec113f3d2f9f942613a,1545177712
73,android,9114286,1107998838,wxadclickjhpfatdt4xzfi,81337ace4fabbb100d8bbe9669c4617b,1545165448
74,android,9114286,1107998838,wxadclickzizihxsinltmy,8204792ea03180ccbb424edd9b36ee5c,1545181651
75,android,9114286,1107998838,wxadclickskaizam7atnza,862b71a1c956da43e56cba7d471b236a,1545154008
76,android,9114286,1107998838,wxadclickfpasizaeg2eam,8a1549ac60c3802d96f4b1f39ba65e82,1545184954
77,android,9114286,1107998838,wxadclickjb4fi6brtzki4,8a5287441112e02dc3c11642c6179e6b,1545156586
78,android,9114286,1107998838,wxadclickijayl6un6msvu,8b05ebbe1df9b4fbc0366420abff31cd,1545159455
79,android,9114286,1107998838,wxadclick7rykmyuaes3fg,8d860f740a49bee4d68b9aab5b0d9a82,1545172395
80,android,9114286,1107998838,wxadclickd373pzxpnqkqw,8fd53869d224a59fd8aaaa4923ce90f8,1545184728
81,android,9114286,1107998838,wxadclickmgr663ufp5yfc,95bbe80a575182a78ed124543c6baf2a,1545177312
82,android,9114286,1107998838,wxadclickelt45qg6lj6vy,95d47a8eb0b6dd9dc4e9e0f577eea639,1545175911
83,android,9114286,1107998838,wxadclickdfx5gnleazo3c,969410262b42257585060ef03c0adf75,1545165185
84,android,9114286,1107998838,wxadclickkhlzk7emiayhe,9926e87b8ed8cac52531ba85067fb194,1545184760
85,android,9114286,1107998838,wxadclickjsheyzph3ilby,9b5ca14b062e36fb05b46c4f5d9d707b,1545170417
86,android,9114286,1107998838,wxadclick54rli6wulpapa,9cd8d417de98ea80b107876c1a59b121,1545175232
87,android,9114286,1107998838,wxadclick4ptjuebsja3em,9de4919912c18bda013e59010ec4fa7d,1545162019
88,android,9114286,1107998838,wxadclick5dqfjlzb4chhe,9fedc1d067f647c0af23a8c5377aa281,1545149203
89,android,9114286,1107998838,wxadclickjuezg5bbjkfho,a1e568689662da71a73636f51e1f952e,1545149634
90,android,9114286,1107998838,wxadclickcel4s33wsede6,a591082f8e5ba3009d97cc51b0937864,1545184978
91,android,9114286,1107998838,wxadclickef4lvhdw4cfwq,ac4de3a553c541323532b1c93305792f,1545184040
92,android,9114286,1107998838,wxadclick3jlqci3itegra,b3168e9b2c64d8ba0206f4e2339f7ba8,1545184373
93,android,9114286,1107998838,wxadclickmd3itqff2ogpc,b5020fdbced130e9a46409089c2ce840,1545172862
94,android,9114286,1107998838,wxadclick4qmavdl3nlyaa,b5b1899145928d48909d7b537cc27070,1545185360
95,android,9114286,1107998838,wxadclickpldg7jb54nl5c,b7c97d593ab9be0e78fc92aae56cc9ac,1545149392
96,android,9114286,1107998838,wxadclick7er7hpdt3fny6,b85ca3013638db837a5f285631741a98,1545149002
97,android,9114286,1107998838,wxadclicktvw3donvfkkh6,b8e5cb8c6e74151aea5e5aff8d3a23fa,1545148949
98,android,9114286,1107998838,wxadclickayjmtb3olydlw,bbdcf3c966adf4c98d00d19b16554e10,1545171297
99,android,9114286,1107998838,wxadclickfi32npghcq4dq,bf609afa654370931fa2c53ce625aec3,1545149536
100,android,9114286,1107998838,wxadclickbrt2n5kla63e2,c08b5d434ba3df092bbf3cc31e8b8e0b,1545182172
101,android,9114286,1107998838,wxadclickuvvymj4upeto2,c335f3521562a8bdcb3b7339be648b8d,1545179356
102,android,9114286,1107998838,wxadclickmq65tcsa532vu,c476e8b114e89d88dbed4e8db7407f39,1545185472
103,android,9114286,1107998838,wxadclickqpb7v6irjyxbk,c4a412fb43a2dc447a472de906905183,1545184864
104,android,9114286,1107998838,wxadclick5taaarazlgnes,c5dc628206dad9391518d885151430aa,1545185368
105,android,9114286,1107998838,wxadclickb3ktyoj6vdgfs,c6ff1bac0722153655406971f145721c,1545157805
106,android,9114286,1107998838,wxadclick3435xgan53csc,c775351a5521d584da1bf9ed242e711e,1545184167
107,android,9114286,1107998838,wxadclickallj27qotxbt6,cbf2d990453e0a98cc955532b20860c9,1545178948
108,android,9114286,1107998838,wxadclickwwxtepv5hpxt4,ccafb7d745af64ed797715d206e8904f,1545178123
109,android,9114286,1107998838,wxadclickeng7xz2zwylsk,ce3375da2e871333d4e5ec030a269a3b,1545184645
110,android,9114286,1107998838,wxadclickburdqov3yiqri,d030a0ab91bd5c026121696804fe4b26,1545178795
111,android,9114286,1107998838,wxadclicka633gvzb7f5tq,d083784af75362d4b65dffeab18fb0c1,1545182128
112,android,9114286,1107998838,wxadclicknzihoqatgcmgo,d199b04894dc7b66f5c0064dde7b3d7f,1545183749
113,android,9114286,1107998838,wxadclickqtf6tibw2fbe2,d2f1fdde9081cd8edc09631a0723be45,1545148803
114,android,9114286,1107998838,wxadclickc3o2n6iiogd7s,d57b9f759a5c78301269c32447d8d597,1545185587
115,android,9114286,1107998838,wxadclickxebvhm24lsk44,d59c833e6e3dc812806c8d44527b2d79,1545185579
116,android,9114286,1107998838,wxadclickcbroh733mozeu,d735c1e4b1e4dfdb2571768a07f4e057,1545184988
117,android,9114286,1107998838,wxadclickwvlbluvfaeoii,d9d49b29c1f9574131a3a4b9493d6dd0,1545179986
118,android,9114286,1107998838,wxadclickyytuxqymty3zk,dbb6a452d68e120ca90310c33db71b2b,1545150376
119,android,9114286,1107998838,wxadclick3nxgkpxmtrh52,dbd3255429b656d953ff8d333c2dec40,1545185803
120,android,9114286,1107998838,wxadclickoz4tsyq7es2jc,dd81d8556828ab4e2df5a258251f6a16,1545148866
121,android,9114286,1107998838,wxadclick364wefwmarrns,de7c3ad333a93661847d1823f15cfece,1545162497
122,android,9114286,1107998838,wxadclickuypwlqhxacozc,dec54e2d311289fea1acf4b5bb4125cd,1545184322
123,android,9114286,1107998838,wxadclicktwdhjqy5si23q,e03e5ecfb9169db49a064abe6c696627,1545185426
124,android,9114286,1107998838,wxadclick6b4fm3bwhrrte,e098b94982c2b14b5735a9316eaf8d0f,1545185892
125,android,9114286,1107998838,wxadclick34e4uiyn27cfu,e2dd1a9abf4246c01794e1faa0aa0851,1545183344
126,android,9114286,1107998838,wxadclick4orryqi4jo7ky,e38713dd1e8263e211ac38ae8ca4c096,1545184247
127,android,9114286,1107998838,wxadclick4qi7mle27xeas,e4828c5a4936cd8e7cfd1e8e3840cdb9,1545168012
128,android,9114286,1107998838,wxadclickwxzf7cn5753f2,e48af6b2177a252c623e99ac53e603d8,1545178041
129,android,9114286,1107998838,wxadclickpqniff3eox47y,e64beb4bb53e6ed679bcebccbd1d96af,1545153168
130,android,9114286,1107998838,wxadclicka2fxe2ewksele,e8152617293771d9f32b590be3bca632,1545179400
131,android,9114286,1107998838,wxadclick4r4icrfq4a3ro,e8355bc46b5b9a2637d56389a592fb98,1545185907
132,android,9114286,1107998838,wxadclickuybbpbjcfpku6,e9244fed7d28193566a650b6b155f526,1545177209
133,android,9114286,1107998838,wxadclickpyf7jbwtlfijk,e960d3089f69288e2ee90a9a28f44149,1545168942
134,android,9114286,1107998838,wxadclickjea5b75by22i2,ef201ef3e122add80242f58d8043f7d8,1545168574
135,android,9114286,1107998838,wxadclickgkkj6szfzvgka,ef8545bc45f17769b4562bb44706f919,1545169791
136,android,9114286,1107998838,wxadclick7d52gmnyfsib2,efc71d761d3e07382ad298894cbb0054,1545185151
137,android,9114286,1107998838,wxadclickeltkj7v3e6x62,f384cd52c29e45276452c7caa90c01b2,1545166943
138,android,9114286,1107998838,wxadclickjx7vjskbiwlkg,f4b0305cba7505bb09da6840726c3881,1545152287
139,android,9114286,1107998838,wxadclickrzogyvelgyars,f6b612eb68bffd3569e20d24fadb5ee5,1545171834
140,android,9114286,1107998838,wxadclickftrsbu22hdsos,f91745276500da50d2399ce626ded886,1545166957
